route_id,service_id,trip_id,trip_headsign,direction_id,block_id,shape_id,wheelchair_accessible,bikes_allowed
"NIS","SU","712","Gungahlin Pl","0","3","1007","1","1"
"ACTO001","SU","780","Alinga St","1","3","1003","1","1"
"ACTO001","SU","718","Gungahlin Pl","0","3","1004","1","1"
"ACTO001","SU","784","Alinga St","1","3","1003","1","1"
"ACTO001","SU","722","Gungahlin Pl","0","3","1004","1","1"
"ACTO001","SU","788","Alinga St","1","3","1003","1","1"
"ACTO001","SU","726","Gungahlin Pl","0","3","1004","1","1"
"ACTO001","SU","792","Alinga St","1","3","1003","1","1"
"ACTO001","SU","730","Gungahlin Pl","0","3","1004","1","1"
"ACTO001","SU","796","Alinga St","1","3","1003","1","1"
"ACTO001","SU","734","Gungahlin Pl","0","3","1004","1","1"
"ACTO001","SU","800","Alinga St","1","3","1003","1","1"
"ACTO001","SU","738","Gungahlin Pl","0","3","1004","1","1"
"ACTO001","SU","804","Alinga St","1","3","1003","1","1"
"ACTO001","SU","742","Gungahlin Pl","0","3","1004","1","1"
"ACTO001","SU","808","Alinga St","1","3","1003","1","1"
"ACTO001","SU","746","Gungahlin Pl","0","3","1004","1","1"
"ACTO001","SU","812","Alinga St","1","3","1003","1","1"
"ACTO001","SU","750","Gungahlin Pl","0","3","1004","1","1"
"ACTO001","SU","816","Alinga St","1","3","1003","1","1"
"ACTO001","SU","754","Gungahlin Pl","0","3","1004","1","1"
"ACTO001","SU","820","Alinga St","1","3","1003","1","1"
"ACTO001","SU","758","Gungahlin Pl","0","3","1004","1","1"
"ACTO001","SU","824","Alinga St","1","3","1003","1","1"
"ACTO001","SU","762","Gungahlin Pl","0","3","1004","1","1"
"ACTO001","SU","828","Alinga St","1","3","1003","1","1"
"ACTO001","SU","766","Gungahlin Pl","0","3","1004","1","1"
"ACTO001","SU","832","Alinga St","1","3","1003","1","1"
"ACTO001","SU","770","Gungahlin Pl","0","3","1004","1","1"
"ACTO001","SU","836","Alinga St","1","3","1003","1","1"
"ACTO001","SU","774","Gungahlin Pl","0","3","1004","1","1"
"ACTO001","SU","840","Alinga St","1","3","1003","1","1"
"ACTO001","SU","778","Gungahlin Pl","0","3","1004","1","1"
"X1","SU","847","Well Station","1","3","1008","1","1"
"NIS","SU","848","Well Station","1","3","1009","1","1"
"NIS","SU","713","Well Station","0","4","1001","1","1"
"X1","SU","714","Gungahlin Pl","0","4","1002","1","1"
"ACTO001","SU","781","Alinga St","1","4","1003","1","1"
"ACTO001","SU","719","Gungahlin Pl","0","4","1004","1","1"
"ACTO001","SU","785","Alinga St","1","4","1003","1","1"
"ACTO001","SU","723","Gungahlin Pl","0","4","1004","1","1"
"ACTO001","SU","789","Alinga St","1","4","1003","1","1"
"ACTO001","SU","727","Gungahlin Pl","0","4","1004","1","1"
"ACTO001","SU","793","Alinga St","1","4","1003","1","1"
"ACTO001","SU","731","Gungahlin Pl","0","4","1004","1","1"
"ACTO001","SU","797","Alinga St","1","4","1003","1","1"
"ACTO001","SU","735","Gungahlin Pl","0","4","1004","1","1"
"ACTO001","SU","801","Alinga St","1","4","1003","1","1"
"ACTO001","SU","739","Gungahlin Pl","0","4","1004","1","1"
"ACTO001","SU","805","Alinga St","1","4","1003","1","1"
"ACTO001","SU","743","Gungahlin Pl","0","4","1004","1","1"
"ACTO001","SU","809","Alinga St","1","4","1003","1","1"
"ACTO001","SU","747","Gungahlin Pl","0","4","1004","1","1"
"ACTO001","SU","813","Alinga St","1","4","1003","1","1"
"ACTO001","SU","751","Gungahlin Pl","0","4","1004","1","1"
"ACTO001","SU","817","Alinga St","1","4","1003","1","1"
"ACTO001","SU","755","Gungahlin Pl","0","4","1004","1","1"
"ACTO001","SU","821","Alinga St","1","4","1003","1","1"
"ACTO001","SU","759","Gungahlin Pl","0","4","1004","1","1"
"ACTO001","SU","825","Alinga St","1","4","1003","1","1"
"ACTO001","SU","763","Gungahlin Pl","0","4","1004","1","1"
"ACTO001","SU","829","Alinga St","1","4","1003","1","1"
"ACTO001","SU","767","Gungahlin Pl","0","4","1004","1","1"
"ACTO001","SU","833","Alinga St","1","4","1003","1","1"
"ACTO001","SU","771","Gungahlin Pl","0","4","1004","1","1"
"ACTO001","SU","837","Alinga St","1","4","1003","1","1"
"ACTO001","SU","775","Gungahlin Pl","0","4","1004","1","1"
"X1","SU","841","Well Station","1","4","1008","1","1"
"NIS","SU","842","Well Station","1","4","1009","1","1"
"NIS","SU","715","Well Station","0","1","1001","1","1"
"X1","SU","716","Gungahlin Pl","0","1","1002","1","1"
"ACTO001","SU","782","Alinga St","1","1","1003","1","1"
"ACTO001","SU","720","Gungahlin Pl","0","1","1004","1","1"
"ACTO001","SU","786","Alinga St","1","1","1003","1","1"
"ACTO001","SU","724","Gungahlin Pl","0","1","1004","1","1"
"ACTO001","SU","790","Alinga St","1","1","1003","1","1"
"ACTO001","SU","728","Gungahlin Pl","0","1","1004","1","1"
"ACTO001","SU","794","Alinga St","1","1","1003","1","1"
"ACTO001","SU","732","Gungahlin Pl","0","1","1004","1","1"
"ACTO001","SU","798","Alinga St","1","1","1003","1","1"
"ACTO001","SU","736","Gungahlin Pl","0","1","1004","1","1"
"ACTO001","SU","802","Alinga St","1","1","1003","1","1"
"ACTO001","SU","740","Gungahlin Pl","0","1","1004","1","1"
"ACTO001","SU","806","Alinga St","1","1","1003","1","1"
"ACTO001","SU","744","Gungahlin Pl","0","1","1004","1","1"
"ACTO001","SU","810","Alinga St","1","1","1003","1","1"
"ACTO001","SU","748","Gungahlin Pl","0","1","1004","1","1"
"ACTO001","SU","814","Alinga St","1","1","1003","1","1"
"ACTO001","SU","752","Gungahlin Pl","0","1","1004","1","1"
"ACTO001","SU","818","Alinga St","1","1","1003","1","1"
"ACTO001","SU","756","Gungahlin Pl","0","1","1004","1","1"
"ACTO001","SU","822","Alinga St","1","1","1003","1","1"
"ACTO001","SU","760","Gungahlin Pl","0","1","1004","1","1"
"ACTO001","SU","826","Alinga St","1","1","1003","1","1"
"ACTO001","SU","764","Gungahlin Pl","0","1","1004","1","1"
"ACTO001","SU","830","Alinga St","1","1","1003","1","1"
"ACTO001","SU","768","Gungahlin Pl","0","1","1004","1","1"
"ACTO001","SU","834","Alinga St","1","1","1003","1","1"
"ACTO001","SU","772","Gungahlin Pl","0","1","1004","1","1"
"ACTO001","SU","838","Alinga St","1","1","1003","1","1"
"ACTO001","SU","776","Gungahlin Pl","0","1","1004","1","1"
"X1","SU","843","Well Station","1","1","1008","1","1"
"NIS","SU","844","Well Station","1","1","1009","1","1"
"NIS","SU","779","Alinga St","1","2","1006","1","1"
"ACTO001","SU","717","Gungahlin Pl","0","2","1004","1","1"
"ACTO001","SU","783","Alinga St","1","2","1003","1","1"
"ACTO001","SU","721","Gungahlin Pl","0","2","1004","1","1"
"ACTO001","SU","787","Alinga St","1","2","1003","1","1"
"ACTO001","SU","725","Gungahlin Pl","0","2","1004","1","1"
"ACTO001","SU","791","Alinga St","1","2","1003","1","1"
"ACTO001","SU","729","Gungahlin Pl","0","2","1004","1","1"
"ACTO001","SU","795","Alinga St","1","2","1003","1","1"
"ACTO001","SU","733","Gungahlin Pl","0","2","1004","1","1"
"ACTO001","SU","799","Alinga St","1","2","1003","1","1"
"ACTO001","SU","737","Gungahlin Pl","0","2","1004","1","1"
"ACTO001","SU","803","Alinga St","1","2","1003","1","1"
"ACTO001","SU","741","Gungahlin Pl","0","2","1004","1","1"
"ACTO001","SU","807","Alinga St","1","2","1003","1","1"
"ACTO001","SU","745","Gungahlin Pl","0","2","1004","1","1"
"ACTO001","SU","811","Alinga St","1","2","1003","1","1"
"ACTO001","SU","749","Gungahlin Pl","0","2","1004","1","1"
"ACTO001","SU","815","Alinga St","1","2","1003","1","1"
"ACTO001","SU","753","Gungahlin Pl","0","2","1004","1","1"
"ACTO001","SU","819","Alinga St","1","2","1003","1","1"
"ACTO001","SU","757","Gungahlin Pl","0","2","1004","1","1"
"ACTO001","SU","823","Alinga St","1","2","1003","1","1"
"ACTO001","SU","761","Gungahlin Pl","0","2","1004","1","1"
"ACTO001","SU","827","Alinga St","1","2","1003","1","1"
"ACTO001","SU","765","Gungahlin Pl","0","2","1004","1","1"
"ACTO001","SU","831","Alinga St","1","2","1003","1","1"
"ACTO001","SU","769","Gungahlin Pl","0","2","1004","1","1"
"ACTO001","SU","835","Alinga St","1","2","1003","1","1"
"ACTO001","SU","773","Gungahlin Pl","0","2","1004","1","1"
"ACTO001","SU","839","Alinga St","1","2","1003","1","1"
"ACTO001","SU","777","Gungahlin Pl","0","2","1004","1","1"
"X1","SU","845","Well Station","1","2","1008","1","1"
"NIS","SU","846","Well Station","1","2","1009","1","1"
"NIS","WD","2","Gungahlin Pl","0","4","1007","1","1"
"ACTO001","WD","135","Alinga St","1","4","1003","1","1"
"ACTO001","WD","7","Gungahlin Pl","0","4","1004","1","1"
"ACTO001","WD","141","Alinga St","1","4","1003","1","1"
"ACTO001","WD","22","Gungahlin Pl","0","4","1004","1","1"
"ACTO001","WD","151","Alinga St","1","4","1003","1","1"
"ACTO001","WD","32","Gungahlin Pl","0","4","1004","1","1"
"ACTO001","WD","161","Alinga St","1","4","1003","1","1"
"ACTO001","WD","44","Gungahlin Pl","0","4","1004","1","1"
"ACTO001","WD","171","Alinga St","1","4","1003","1","1"
"ACTO001","WD","50","Gungahlin Pl","0","4","1004","1","1"
"ACTO001","WD","177","Alinga St","1","4","1003","1","1"
"ACTO001","WD","56","Gungahlin Pl","0","4","1004","1","1"
"ACTO001","WD","183","Alinga St","1","4","1003","1","1"
"ACTO001","WD","62","Gungahlin Pl","0","4","1004","1","1"
"ACTO001","WD","189","Alinga St","1","4","1003","1","1"
"ACTO001","WD","68","Gungahlin Pl","0","4","1004","1","1"
"ACTO001","WD","195","Alinga St","1","4","1003","1","1"
"ACTO001","WD","74","Gungahlin Pl","0","4","1004","1","1"
"ACTO001","WD","201","Alinga St","1","4","1003","1","1"
"ACTO001","WD","80","Gungahlin Pl","0","4","1004","1","1"
"ACTO001","WD","211","Alinga St","1","4","1003","1","1"
"ACTO001","WD","92","Gungahlin Pl","0","4","1004","1","1"
"ACTO001","WD","221","Alinga St","1","4","1003","1","1"
"ACTO001","WD","102","Gungahlin Pl","0","4","1004","1","1"
"ACTO001","WD","233","Alinga St","1","4","1003","1","1"
"ACTO001","WD","111","Gungahlin Pl","0","4","1004","1","1"
"ACTO001","WD","243","Alinga St","1","4","1003","1","1"
"ACTO001","WD","115","Gungahlin Pl","0","4","1004","1","1"
"ACTO001","WD","247","Alinga St","1","4","1003","1","1"
"ACTO001","WD","119","Gungahlin Pl","0","4","1004","1","1"
"ACTO001","WD","251","Alinga St","1","4","1003","1","1"
"ACTO001","WD","123","Gungahlin Pl","0","4","1004","1","1"
"ACTO001","WD","255","Alinga St","1","4","1003","1","1"
"ACTO001","WD","127","Gungahlin Pl","0","4","1004","1","1"
"ACTO001","WD","259","Alinga St","1","4","1003","1","1"
"ACTO001","WD","131","Gungahlin Pl","0","4","1004","1","1"
"X1","WD","266","Well Station","1","4","1008","1","1"
"NIS","WD","267","Well Station","1","4","1009","1","1"
"NIS","WD","3","Well Station","0","6","1001","1","1"
"X1","WD","4","Gungahlin Pl","0","6","1002","1","1"
"ACTO001","WD","136","Alinga St","1","6","1003","1","1"
"ACTO001","WD","12","Gungahlin Pl","0","6","1004","1","1"
"ACTO001","WD","144","Alinga St","1","6","1003","1","1"
"ACTO001","WD","25","Gungahlin Pl","0","6","1004","1","1"
"ACTO001","WD","154","Alinga St","1","6","1003","1","1"
"ACTO001","WD","35","Gungahlin Pl","0","6","1004","1","1"
"ACTO001","WD","165","Alinga St","1","6","1003","1","1"
"ACTO001","WD","46","Gungahlin Pl","0","6","1004","1","1"
"ACTO001","WD","173","Alinga St","1","6","1003","1","1"
"ACTO001","WD","52","Gungahlin Pl","0","6","1004","1","1"
"ACTO001","WD","179","Alinga St","1","6","1003","1","1"
"ACTO001","WD","58","Gungahlin Pl","0","6","1004","1","1"
"ACTO001","WD","185","Alinga St","1","6","1003","1","1"
"ACTO001","WD","64","Gungahlin Pl","0","6","1004","1","1"
"ACTO001","WD","191","Alinga St","1","6","1003","1","1"
"ACTO001","WD","70","Gungahlin Pl","0","6","1004","1","1"
"ACTO001","WD","197","Alinga St","1","6","1003","1","1"
"ACTO001","WD","76","Gungahlin Pl","0","6","1004","1","1"
"ACTO001","WD","203","Alinga St","1","6","1003","1","1"
"ACTO001","WD","86","Gungahlin Pl","0","6","1004","1","1"
"ACTO001","WD","215","Alinga St","1","6","1003","1","1"
"ACTO001","WD","96","Gungahlin Pl","0","6","1004","1","1"
"ACTO001","WD","225","Alinga St","1","6","1003","1","1"
"ACTO001","WD","106","Gungahlin Pl","0","6","1004","1","1"
"X1","WD","239","Well Station","1","6","1008","1","1"
"NIS","WD","240","Well Station","1","6","1009","1","1"
"NIS","WD","132","Alinga St","1","1","1006","1","1"
"ACTO001","WD","5","Gungahlin Pl","0","1","1004","1","1"
"ACTO001","WD","137","Alinga St","1","1","1003","1","1"
"ACTO001","WD","15","Gungahlin Pl","0","1","1004","1","1"
"ACTO001","WD","146","Alinga St","1","1","1003","1","1"
"ACTO001","WD","27","Gungahlin Pl","0","1","1004","1","1"
"ACTO001","WD","156","Alinga St","1","1","1003","1","1"
"ACTO001","WD","37","Gungahlin Pl","0","1","1004","1","1"
"ACTO001","WD","168","Alinga St","1","1","1003","1","1"
"ACTO001","WD","47","Gungahlin Pl","0","1","1004","1","1"
"ACTO001","WD","174","Alinga St","1","1","1003","1","1"
"ACTO001","WD","53","Gungahlin Pl","0","1","1004","1","1"
"ACTO001","WD","180","Alinga St","1","1","1003","1","1"
"ACTO001","WD","59","Gungahlin Pl","0","1","1004","1","1"
"ACTO001","WD","186","Alinga St","1","1","1003","1","1"
"ACTO001","WD","65","Gungahlin Pl","0","1","1004","1","1"
"ACTO001","WD","192","Alinga St","1","1","1003","1","1"
"ACTO001","WD","71","Gungahlin Pl","0","1","1004","1","1"
"ACTO001","WD","198","Alinga St","1","1","1003","1","1"
"ACTO001","WD","77","Gungahlin Pl","0","1","1004","1","1"
"ACTO001","WD","204","Alinga St","1","1","1003","1","1"
"ACTO001","WD","87","Gungahlin Pl","0","1","1004","1","1"
"ACTO001","WD","216","Alinga St","1","1","1003","1","1"
"ACTO001","WD","97","Gungahlin Pl","0","1","1004","1","1"
"ACTO001","WD","226","Alinga St","1","1","1003","1","1"
"ACTO001","WD","107","Gungahlin Pl","0","1","1004","1","1"
"ACTO001","WD","241","Alinga St","1","1","1003","1","1"
"ACTO001","WD","113","Gungahlin Pl","0","1","1004","1","1"
"ACTO001","WD","245","Alinga St","1","1","1003","1","1"
"ACTO001","WD","117","Gungahlin Pl","0","1","1004","1","1"
"ACTO001","WD","249","Alinga St","1","1","1003","1","1"
"ACTO001","WD","121","Gungahlin Pl","0","1","1004","1","1"
"ACTO001","WD","253","Alinga St","1","1","1003","1","1"
"ACTO001","WD","125","Gungahlin Pl","0","1","1004","1","1"
"ACTO001","WD","257","Alinga St","1","1","1003","1","1"
"ACTO001","WD","129","Gungahlin Pl","0","1","1004","1","1"
"X1","WD","262","Well Station","1","1","1008","1","1"
"NIS","WD","263","Well Station","1","1","1009","1","1"
"NIS","WD","133","EPIC","1","9A","1010","1","1"
"X2","WD","134","Alinga St","1","9A","1011","1","1"
"ACTO001","WD","6","Gungahlin Pl","0","9A","1004","1","1"
"ACTO001","WD","140","Alinga St","1","9A","1003","1","1"
"ACTO001","WD","21","Gungahlin Pl","0","9A","1004","1","1"
"ACTO001","WD","150","Alinga St","1","9A","1003","1","1"
"ACTO001","WD","31","Gungahlin Pl","0","9A","1004","1","1"
"ACTO001","WD","160","Alinga St","1","9A","1003","1","1"
"X2","WD","42","EPIC","0","9A","1012","1","1"
"NIS","WD","43","EPIC","0","9A","1013","1","1"
"NIS","WD","8","Well Station","0","5","1001","1","1"
"X1","WD","9","Gungahlin Pl","0","5","1002","1","1"
"ACTO001","WD","142","Alinga St","1","5","1003","1","1"
"ACTO001","WD","23","Gungahlin Pl","0","5","1004","1","1"
"ACTO001","WD","152","Alinga St","1","5","1003","1","1"
"ACTO001","WD","33","Gungahlin Pl","0","5","1004","1","1"
"ACTO001","WD","162","Alinga St","1","5","1003","1","1"
"ACTO001","WD","45","Gungahlin Pl","0","5","1004","1","1"
"ACTO001","WD","172","Alinga St","1","5","1003","1","1"
"ACTO001","WD","51","Gungahlin Pl","0","5","1004","1","1"
"ACTO001","WD","178","Alinga St","1","5","1003","1","1"
"ACTO001","WD","57","Gungahlin Pl","0","5","1004","1","1"
"ACTO001","WD","184","Alinga St","1","5","1003","1","1"
"ACTO001","WD","63","Gungahlin Pl","0","5","1004","1","1"
"ACTO001","WD","190","Alinga St","1","5","1003","1","1"
"ACTO001","WD","69","Gungahlin Pl","0","5","1004","1","1"
"ACTO001","WD","196","Alinga St","1","5","1003","1","1"
"ACTO001","WD","75","Gungahlin Pl","0","5","1004","1","1"
"ACTO001","WD","202","Alinga St","1","5","1003","1","1"
"ACTO001","WD","83","Gungahlin Pl","0","5","1004","1","1"
"ACTO001","WD","213","Alinga St","1","5","1003","1","1"
"ACTO001","WD","94","Gungahlin Pl","0","5","1004","1","1"
"ACTO001","WD","223","Alinga St","1","5","1003","1","1"
"ACTO001","WD","104","Gungahlin Pl","0","5","1004","1","1"
"ACTO001","WD","236","Alinga St","1","5","1003","1","1"
"ACTO001","WD","112","Gungahlin Pl","0","5","1004","1","1"
"ACTO001","WD","244","Alinga St","1","5","1003","1","1"
"ACTO001","WD","116","Gungahlin Pl","0","5","1004","1","1"
"ACTO001","WD","248","Alinga St","1","5","1003","1","1"
"ACTO001","WD","120","Gungahlin Pl","0","5","1004","1","1"
"ACTO001","WD","252","Alinga St","1","5","1003","1","1"
"ACTO001","WD","124","Gungahlin Pl","0","5","1004","1","1"
"ACTO001","WD","256","Alinga St","1","5","1003","1","1"
"ACTO001","WD","128","Gungahlin Pl","0","5","1004","1","1"
"X1","WD","260","Well Station","1","5","1008","1","1"
"NIS","WD","261","Well Station","1","5","1009","1","1"
"NIS","WD","10","Well Station","0","10A","1001","1","1"
"X1","WD","11","Gungahlin Pl","0","10A","1002","1","1"
"ACTO001","WD","143","Alinga St","1","10A","1003","1","1"
"ACTO001","WD","24","Gungahlin Pl","0","10A","1004","1","1"
"ACTO001","WD","153","Alinga St","1","10A","1003","1","1"
"ACTO001","WD","34","Gungahlin Pl","0","10A","1004","1","1"
"X1","WD","163","Well Station","1","10A","1008","1","1"
"NIS","WD","164","Well Station","1","10A","1009","1","1"
"NIS","WD","13","Well Station","0","8A","1001","1","1"
"X1","WD","14","Gungahlin Pl","0","8A","1002","1","1"
"ACTO001","WD","145","Alinga St","1","8A","1003","1","1"
"ACTO001","WD","26","Gungahlin Pl","0","8A","1004","1","1"
"ACTO001","WD","155","Alinga St","1","8A","1003","1","1"
"ACTO001","WD","36","Gungahlin Pl","0","8A","1004","1","1"
"X1","WD","166","Well Station","1","8A","1008","1","1"
"NIS","WD","167","Well Station","1","8A","1009","1","1"
"NIS","WD","16","Well Station","0","2","1001","1","1"
"X1","WD","17","Gungahlin Pl","0","2","1002","1","1"
"ACTO001","WD","147","Alinga St","1","2","1003","1","1"
"ACTO001","WD","28","Gungahlin Pl","0","2","1004","1","1"
"ACTO001","WD","157","Alinga St","1","2","1003","1","1"
"ACTO001","WD","38","Gungahlin Pl","0","2","1004","1","1"
"ACTO001","WD","169","Alinga St","1","2","1003","1","1"
"ACTO001","WD","48","Gungahlin Pl","0","2","1004","1","1"
"ACTO001","WD","175","Alinga St","1","2","1003","1","1"
"ACTO001","WD","54","Gungahlin Pl","0","2","1004","1","1"
"ACTO001","WD","181","Alinga St","1","2","1003","1","1"
"ACTO001","WD","60","Gungahlin Pl","0","2","1004","1","1"
"ACTO001","WD","187","Alinga St","1","2","1003","1","1"
"ACTO001","WD","66","Gungahlin Pl","0","2","1004","1","1"
"ACTO001","WD","193","Alinga St","1","2","1003","1","1"
"ACTO001","WD","72","Gungahlin Pl","0","2","1004","1","1"
"ACTO001","WD","199","Alinga St","1","2","1003","1","1"
"ACTO001","WD","78","Gungahlin Pl","0","2","1004","1","1"
"ACTO001","WD","207","Alinga St","1","2","1003","1","1"
"ACTO001","WD","89","Gungahlin Pl","0","2","1004","1","1"
"ACTO001","WD","218","Alinga St","1","2","1003","1","1"
"ACTO001","WD","99","Gungahlin Pl","0","2","1004","1","1"
"X1","WD","227","Well Station","1","2","1008","1","1"
"NIS","WD","228","Well Station","1","2","1009","1","1"
"NIS","WD","138","EPIC","1","7A","1010","1","1"
"X2","WD","139","Alinga St","1","7A","1011","1","1"
"ACTO001","WD","18","Gungahlin Pl","0","7A","1004","1","1"
"ACTO001","WD","148","Alinga St","1","7A","1003","1","1"
"ACTO001","WD","29","Gungahlin Pl","0","7A","1004","1","1"
"ACTO001","WD","158","Alinga St","1","7A","1003","1","1"
"X2","WD","39","EPIC","0","7A","1012","1","1"
"NIS","WD","40","EPIC","0","7A","1013","1","1"
"NIS","WD","19","Well Station","0","3","1001","1","1"
"X1","WD","20","Gungahlin Pl","0","3","1002","1","1"
"ACTO001","WD","149","Alinga St","1","3","1003","1","1"
"ACTO001","WD","30","Gungahlin Pl","0","3","1004","1","1"
"ACTO001","WD","159","Alinga St","1","3","1003","1","1"
"ACTO001","WD","41","Gungahlin Pl","0","3","1004","1","1"
"ACTO001","WD","170","Alinga St","1","3","1003","1","1"
"ACTO001","WD","49","Gungahlin Pl","0","3","1004","1","1"
"ACTO001","WD","176","Alinga St","1","3","1003","1","1"
"ACTO001","WD","55","Gungahlin Pl","0","3","1004","1","1"
"ACTO001","WD","182","Alinga St","1","3","1003","1","1"
"ACTO001","WD","61","Gungahlin Pl","0","3","1004","1","1"
"ACTO001","WD","188","Alinga St","1","3","1003","1","1"
"ACTO001","WD","67","Gungahlin Pl","0","3","1004","1","1"
"ACTO001","WD","194","Alinga St","1","3","1003","1","1"
"ACTO001","WD","73","Gungahlin Pl","0","3","1004","1","1"
"ACTO001","WD","200","Alinga St","1","3","1003","1","1"
"ACTO001","WD","79","Gungahlin Pl","0","3","1004","1","1"
"ACTO001","WD","210","Alinga St","1","3","1003","1","1"
"ACTO001","WD","91","Gungahlin Pl","0","3","1004","1","1"
"ACTO001","WD","220","Alinga St","1","3","1003","1","1"
"ACTO001","WD","101","Gungahlin Pl","0","3","1004","1","1"
"X1","WD","231","Well Station","1","3","1008","1","1"
"NIS","WD","232","Well Station","1","3","1009","1","1"
"NIS","WD","81","Well Station","0","9P","1001","1","1"
"X1","WD","82","Gungahlin Pl","0","9P","1002","1","1"
"ACTO001","WD","212","Alinga St","1","9P","1003","1","1"
"ACTO001","WD","93","Gungahlin Pl","0","9P","1004","1","1"
"ACTO001","WD","222","Alinga St","1","9P","1003","1","1"
"ACTO001","WD","103","Gungahlin Pl","0","9P","1004","1","1"
"X1","WD","234","Well Station","1","9P","1008","1","1"
"NIS","WD","235","Well Station","1","9P","1009","1","1"
"NIS","WD","84","Well Station","0","10P","1001","1","1"
"X1","WD","85","Gungahlin Pl","0","10P","1002","1","1"
"ACTO001","WD","214","Alinga St","1","10P","1003","1","1"
"ACTO001","WD","95","Gungahlin Pl","0","10P","1004","1","1"
"ACTO001","WD","224","Alinga St","1","10P","1003","1","1"
"ACTO001","WD","105","Gungahlin Pl","0","10P","1004","1","1"
"X1","WD","237","Well Station","1","10P","1008","1","1"
"NIS","WD","238","Well Station","1","10P","1009","1","1"
"NIS","WD","205","EPIC","1","7P","1010","1","1"
"X2","WD","206","Alinga St","1","7P","1011","1","1"
"ACTO001","WD","88","Gungahlin Pl","0","7P","1004","1","1"
"ACTO001","WD","217","Alinga St","1","7P","1003","1","1"
"ACTO001","WD","98","Gungahlin Pl","0","7P","1004","1","1"
"ACTO001","WD","229","Alinga St","1","7P","1003","1","1"
"ACTO001","WD","108","Gungahlin Pl","0","7P","1004","1","1"
"ACTO001","WD","242","Alinga St","1","7P","1003","1","1"
"ACTO001","WD","114","Gungahlin Pl","0","7P","1004","1","1"
"ACTO001","WD","246","Alinga St","1","7P","1003","1","1"
"ACTO001","WD","118","Gungahlin Pl","0","7P","1004","1","1"
"ACTO001","WD","250","Alinga St","1","7P","1003","1","1"
"ACTO001","WD","122","Gungahlin Pl","0","7P","1004","1","1"
"ACTO001","WD","254","Alinga St","1","7P","1003","1","1"
"ACTO001","WD","126","Gungahlin Pl","0","7P","1004","1","1"
"ACTO001","WD","258","Alinga St","1","7P","1003","1","1"
"ACTO001","WD","130","Gungahlin Pl","0","7P","1004","1","1"
"X1","WD","264","Well Station","1","7P","1008","1","1"
"NIS","WD","265","Well Station","1","7P","1009","1","1"
"NIS","WD","208","EPIC","1","8P","1010","1","1"
"X2","WD","209","Alinga St","1","8P","1011","1","1"
"ACTO001","WD","90","Gungahlin Pl","0","8P","1004","1","1"
"ACTO001","WD","219","Alinga St","1","8P","1003","1","1"
"ACTO001","WD","100","Gungahlin Pl","0","8P","1004","1","1"
"ACTO001","WD","230","Alinga St","1","8P","1003","1","1"
"X2","WD","109","EPIC","0","8P","1012","1","1"
"NIS","WD","110","EPIC","0","8P","1013","1","1"
"NIS","FR","268","Gungahlin Pl","0","4","1007","1","1"
"ACTO001","FR","407","Alinga St","1","4","1003","1","1"
"ACTO001","FR","273","Gungahlin Pl","0","4","1004","1","1"
"ACTO001","FR","413","Alinga St","1","4","1003","1","1"
"ACTO001","FR","288","Gungahlin Pl","0","4","1004","1","1"
"ACTO001","FR","423","Alinga St","1","4","1003","1","1"
"ACTO001","FR","298","Gungahlin Pl","0","4","1004","1","1"
"ACTO001","FR","433","Alinga St","1","4","1003","1","1"
"ACTO001","FR","310","Gungahlin Pl","0","4","1004","1","1"
"ACTO001","FR","443","Alinga St","1","4","1003","1","1"
"ACTO001","FR","316","Gungahlin Pl","0","4","1004","1","1"
"ACTO001","FR","449","Alinga St","1","4","1003","1","1"
"ACTO001","FR","322","Gungahlin Pl","0","4","1004","1","1"
"ACTO001","FR","455","Alinga St","1","4","1003","1","1"
"ACTO001","FR","328","Gungahlin Pl","0","4","1004","1","1"
"ACTO001","FR","461","Alinga St","1","4","1003","1","1"
"ACTO001","FR","334","Gungahlin Pl","0","4","1004","1","1"
"ACTO001","FR","467","Alinga St","1","4","1003","1","1"
"ACTO001","FR","340","Gungahlin Pl","0","4","1004","1","1"
"ACTO001","FR","473","Alinga St","1","4","1003","1","1"
"ACTO001","FR","346","Gungahlin Pl","0","4","1004","1","1"
"ACTO001","FR","483","Alinga St","1","4","1003","1","1"
"ACTO001","FR","358","Gungahlin Pl","0","4","1004","1","1"
"ACTO001","FR","493","Alinga St","1","4","1003","1","1"
"ACTO001","FR","368","Gungahlin Pl","0","4","1004","1","1"
"ACTO001","FR","505","Alinga St","1","4","1003","1","1"
"ACTO001","FR","377","Gungahlin Pl","0","4","1004","1","1"
"ACTO001","FR","515","Alinga St","1","4","1003","1","1"
"ACTO001","FR","381","Gungahlin Pl","0","4","1004","1","1"
"ACTO001","FR","519","Alinga St","1","4","1003","1","1"
"ACTO001","FR","385","Gungahlin Pl","0","4","1004","1","1"
"ACTO001","FR","523","Alinga St","1","4","1003","1","1"
"ACTO001","FR","389","Gungahlin Pl","0","4","1004","1","1"
"ACTO001","FR","527","Alinga St","1","4","1003","1","1"
"ACTO001","FR","393","Gungahlin Pl","0","4","1004","1","1"
"ACTO001","FR","531","Alinga St","1","4","1003","1","1"
"ACTO001","FR","397","Gungahlin Pl","0","4","1004","1","1"
"ACTO001","FR","535","Alinga St","1","4","1003","1","1"
"ACTO001","FR","401","Gungahlin Pl","0","4","1004","1","1"
"X1","FR","540","Well Station","1","4","1008","1","1"
"NIS","FR","541","Well Station","1","4","1009","1","1"
"NIS","FR","269","Well Station","0","6","1001","1","1"
"X1","FR","270","Gungahlin Pl","0","6","1002","1","1"
"ACTO001","FR","408","Alinga St","1","6","1003","1","1"
"ACTO001","FR","278","Gungahlin Pl","0","6","1004","1","1"
"ACTO001","FR","416","Alinga St","1","6","1003","1","1"
"ACTO001","FR","291","Gungahlin Pl","0","6","1004","1","1"
"ACTO001","FR","426","Alinga St","1","6","1003","1","1"
"ACTO001","FR","301","Gungahlin Pl","0","6","1004","1","1"
"ACTO001","FR","437","Alinga St","1","6","1003","1","1"
"ACTO001","FR","312","Gungahlin Pl","0","6","1004","1","1"
"ACTO001","FR","445","Alinga St","1","6","1003","1","1"
"ACTO001","FR","318","Gungahlin Pl","0","6","1004","1","1"
"ACTO001","FR","451","Alinga St","1","6","1003","1","1"
"ACTO001","FR","324","Gungahlin Pl","0","6","1004","1","1"
"ACTO001","FR","457","Alinga St","1","6","1003","1","1"
"ACTO001","FR","330","Gungahlin Pl","0","6","1004","1","1"
"ACTO001","FR","463","Alinga St","1","6","1003","1","1"
"ACTO001","FR","336","Gungahlin Pl","0","6","1004","1","1"
"ACTO001","FR","469","Alinga St","1","6","1003","1","1"
"ACTO001","FR","342","Gungahlin Pl","0","6","1004","1","1"
"ACTO001","FR","475","Alinga St","1","6","1003","1","1"
"ACTO001","FR","352","Gungahlin Pl","0","6","1004","1","1"
"ACTO001","FR","487","Alinga St","1","6","1003","1","1"
"ACTO001","FR","362","Gungahlin Pl","0","6","1004","1","1"
"ACTO001","FR","497","Alinga St","1","6","1003","1","1"
"ACTO001","FR","372","Gungahlin Pl","0","6","1004","1","1"
"X1","FR","511","Well Station","1","6","1008","1","1"
"NIS","FR","512","Well Station","1","6","1009","1","1"
"NIS","FR","404","Alinga St","1","1","1006","1","1"
"ACTO001","FR","271","Gungahlin Pl","0","1","1004","1","1"
"ACTO001","FR","409","Alinga St","1","1","1003","1","1"
"ACTO001","FR","281","Gungahlin Pl","0","1","1004","1","1"
"ACTO001","FR","418","Alinga St","1","1","1003","1","1"
"ACTO001","FR","293","Gungahlin Pl","0","1","1004","1","1"
"ACTO001","FR","428","Alinga St","1","1","1003","1","1"
"ACTO001","FR","303","Gungahlin Pl","0","1","1004","1","1"
"ACTO001","FR","440","Alinga St","1","1","1003","1","1"
"ACTO001","FR","313","Gungahlin Pl","0","1","1004","1","1"
"ACTO001","FR","446","Alinga St","1","1","1003","1","1"
"ACTO001","FR","319","Gungahlin Pl","0","1","1004","1","1"
"ACTO001","FR","452","Alinga St","1","1","1003","1","1"
"ACTO001","FR","325","Gungahlin Pl","0","1","1004","1","1"
"ACTO001","FR","458","Alinga St","1","1","1003","1","1"
"ACTO001","FR","331","Gungahlin Pl","0","1","1004","1","1"
"ACTO001","FR","464","Alinga St","1","1","1003","1","1"
"ACTO001","FR","337","Gungahlin Pl","0","1","1004","1","1"
"ACTO001","FR","470","Alinga St","1","1","1003","1","1"
"ACTO001","FR","343","Gungahlin Pl","0","1","1004","1","1"
"ACTO001","FR","476","Alinga St","1","1","1003","1","1"
"ACTO001","FR","353","Gungahlin Pl","0","1","1004","1","1"
"ACTO001","FR","488","Alinga St","1","1","1003","1","1"
"ACTO001","FR","363","Gungahlin Pl","0","1","1004","1","1"
"ACTO001","FR","498","Alinga St","1","1","1003","1","1"
"ACTO001","FR","373","Gungahlin Pl","0","1","1004","1","1"
"ACTO001","FR","513","Alinga St","1","1","1003","1","1"
"ACTO001","FR","379","Gungahlin Pl","0","1","1004","1","1"
"ACTO001","FR","517","Alinga St","1","1","1003","1","1"
"ACTO001","FR","383","Gungahlin Pl","0","1","1004","1","1"
"ACTO001","FR","521","Alinga St","1","1","1003","1","1"
"ACTO001","FR","387","Gungahlin Pl","0","1","1004","1","1"
"ACTO001","FR","525","Alinga St","1","1","1003","1","1"
"ACTO001","FR","391","Gungahlin Pl","0","1","1004","1","1"
"ACTO001","FR","529","Alinga St","1","1","1003","1","1"
"ACTO001","FR","395","Gungahlin Pl","0","1","1004","1","1"
"ACTO001","FR","533","Alinga St","1","1","1003","1","1"
"ACTO001","FR","399","Gungahlin Pl","0","1","1004","1","1"
"ACTO001","FR","537","Alinga St","1","1","1003","1","1"
"ACTO001","FR","403","Gungahlin Pl","0","1","1004","1","1"
"X1","FR","544","Well Station","1","1","1008","1","1"
"NIS","FR","545","Well Station","1","1","1009","1","1"
"NIS","FR","405","EPIC","1","9A","1010","1","1"
"X2","FR","406","Alinga St","1","9A","1011","1","1"
"ACTO001","FR","272","Gungahlin Pl","0","9A","1004","1","1"
"ACTO001","FR","412","Alinga St","1","9A","1003","1","1"
"ACTO001","FR","287","Gungahlin Pl","0","9A","1004","1","1"
"ACTO001","FR","422","Alinga St","1","9A","1003","1","1"
"ACTO001","FR","297","Gungahlin Pl","0","9A","1004","1","1"
"ACTO001","FR","432","Alinga St","1","9A","1003","1","1"
"X2","FR","308","EPIC","0","9A","1012","1","1"
"NIS","FR","309","EPIC","0","9A","1013","1","1"
"NIS","FR","274","Well Station","0","5","1001","1","1"
"X1","FR","275","Gungahlin Pl","0","5","1002","1","1"
"ACTO001","FR","414","Alinga St","1","5","1003","1","1"
"ACTO001","FR","289","Gungahlin Pl","0","5","1004","1","1"
"ACTO001","FR","424","Alinga St","1","5","1003","1","1"
"ACTO001","FR","299","Gungahlin Pl","0","5","1004","1","1"
"ACTO001","FR","434","Alinga St","1","5","1003","1","1"
"ACTO001","FR","311","Gungahlin Pl","0","5","1004","1","1"
"ACTO001","FR","444","Alinga St","1","5","1003","1","1"
"ACTO001","FR","317","Gungahlin Pl","0","5","1004","1","1"
"ACTO001","FR","450","Alinga St","1","5","1003","1","1"
"ACTO001","FR","323","Gungahlin Pl","0","5","1004","1","1"
"ACTO001","FR","456","Alinga St","1","5","1003","1","1"
"ACTO001","FR","329","Gungahlin Pl","0","5","1004","1","1"
"ACTO001","FR","462","Alinga St","1","5","1003","1","1"
"ACTO001","FR","335","Gungahlin Pl","0","5","1004","1","1"
"ACTO001","FR","468","Alinga St","1","5","1003","1","1"
"ACTO001","FR","341","Gungahlin Pl","0","5","1004","1","1"
"ACTO001","FR","474","Alinga St","1","5","1003","1","1"
"ACTO001","FR","349","Gungahlin Pl","0","5","1004","1","1"
"ACTO001","FR","485","Alinga St","1","5","1003","1","1"
"ACTO001","FR","360","Gungahlin Pl","0","5","1004","1","1"
"ACTO001","FR","495","Alinga St","1","5","1003","1","1"
"ACTO001","FR","370","Gungahlin Pl","0","5","1004","1","1"
"ACTO001","FR","508","Alinga St","1","5","1003","1","1"
"ACTO001","FR","378","Gungahlin Pl","0","5","1004","1","1"
"ACTO001","FR","516","Alinga St","1","5","1003","1","1"
"ACTO001","FR","382","Gungahlin Pl","0","5","1004","1","1"
"ACTO001","FR","520","Alinga St","1","5","1003","1","1"
"ACTO001","FR","386","Gungahlin Pl","0","5","1004","1","1"
"ACTO001","FR","524","Alinga St","1","5","1003","1","1"
"ACTO001","FR","390","Gungahlin Pl","0","5","1004","1","1"
"ACTO001","FR","528","Alinga St","1","5","1003","1","1"
"ACTO001","FR","394","Gungahlin Pl","0","5","1004","1","1"
"ACTO001","FR","532","Alinga St","1","5","1003","1","1"
"ACTO001","FR","398","Gungahlin Pl","0","5","1004","1","1"
"ACTO001","FR","536","Alinga St","1","5","1003","1","1"
"ACTO001","FR","402","Gungahlin Pl","0","5","1004","1","1"
"X1","FR","542","Well Station","1","5","1008","1","1"
"NIS","FR","543","Well Station","1","5","1009","1","1"
"NIS","FR","276","Well Station","0","10A","1001","1","1"
"X1","FR","277","Gungahlin Pl","0","10A","1002","1","1"
"ACTO001","FR","415","Alinga St","1","10A","1003","1","1"
"ACTO001","FR","290","Gungahlin Pl","0","10A","1004","1","1"
"ACTO001","FR","425","Alinga St","1","10A","1003","1","1"
"ACTO001","FR","300","Gungahlin Pl","0","10A","1004","1","1"
"X1","FR","435","Well Station","1","10A","1008","1","1"
"NIS","FR","436","Well Station","1","10A","1009","1","1"
"NIS","FR","279","Well Station","0","8A","1001","1","1"
"X1","FR","280","Gungahlin Pl","0","8A","1002","1","1"
"ACTO001","FR","417","Alinga St","1","8A","1003","1","1"
"ACTO001","FR","292","Gungahlin Pl","0","8A","1004","1","1"
"ACTO001","FR","427","Alinga St","1","8A","1003","1","1"
"ACTO001","FR","302","Gungahlin Pl","0","8A","1004","1","1"
"X1","FR","438","Well Station","1","8A","1008","1","1"
"NIS","FR","439","Well Station","1","8A","1009","1","1"
"NIS","FR","282","Well Station","0","2","1001","1","1"
"X1","FR","283","Gungahlin Pl","0","2","1002","1","1"
"ACTO001","FR","419","Alinga St","1","2","1003","1","1"
"ACTO001","FR","294","Gungahlin Pl","0","2","1004","1","1"
"ACTO001","FR","429","Alinga St","1","2","1003","1","1"
"ACTO001","FR","304","Gungahlin Pl","0","2","1004","1","1"
"ACTO001","FR","441","Alinga St","1","2","1003","1","1"
"ACTO001","FR","314","Gungahlin Pl","0","2","1004","1","1"
"ACTO001","FR","447","Alinga St","1","2","1003","1","1"
"ACTO001","FR","320","Gungahlin Pl","0","2","1004","1","1"
"ACTO001","FR","453","Alinga St","1","2","1003","1","1"
"ACTO001","FR","326","Gungahlin Pl","0","2","1004","1","1"
"ACTO001","FR","459","Alinga St","1","2","1003","1","1"
"ACTO001","FR","332","Gungahlin Pl","0","2","1004","1","1"
"ACTO001","FR","465","Alinga St","1","2","1003","1","1"
"ACTO001","FR","338","Gungahlin Pl","0","2","1004","1","1"
"ACTO001","FR","471","Alinga St","1","2","1003","1","1"
"ACTO001","FR","344","Gungahlin Pl","0","2","1004","1","1"
"ACTO001","FR","479","Alinga St","1","2","1003","1","1"
"ACTO001","FR","355","Gungahlin Pl","0","2","1004","1","1"
"ACTO001","FR","490","Alinga St","1","2","1003","1","1"
"ACTO001","FR","365","Gungahlin Pl","0","2","1004","1","1"
"X1","FR","499","Well Station","1","2","1008","1","1"
"NIS","FR","500","Well Station","1","2","1009","1","1"
"NIS","FR","410","EPIC","1","7A","1010","1","1"
"X2","FR","411","Alinga St","1","7A","1011","1","1"
"ACTO001","FR","284","Gungahlin Pl","0","7A","1004","1","1"
"ACTO001","FR","420","Alinga St","1","7A","1003","1","1"
"ACTO001","FR","295","Gungahlin Pl","0","7A","1004","1","1"
"ACTO001","FR","430","Alinga St","1","7A","1003","1","1"
"X2","FR","305","EPIC","0","7A","1012","1","1"
"NIS","FR","306","EPIC","0","7A","1013","1","1"
"NIS","FR","285","Well Station","0","3","1001","1","1"
"X1","FR","286","Gungahlin Pl","0","3","1002","1","1"
"ACTO001","FR","421","Alinga St","1","3","1003","1","1"
"ACTO001","FR","296","Gungahlin Pl","0","3","1004","1","1"
"ACTO001","FR","431","Alinga St","1","3","1003","1","1"
"ACTO001","FR","307","Gungahlin Pl","0","3","1004","1","1"
"ACTO001","FR","442","Alinga St","1","3","1003","1","1"
"ACTO001","FR","315","Gungahlin Pl","0","3","1004","1","1"
"ACTO001","FR","448","Alinga St","1","3","1003","1","1"
"ACTO001","FR","321","Gungahlin Pl","0","3","1004","1","1"
"ACTO001","FR","454","Alinga St","1","3","1003","1","1"
"ACTO001","FR","327","Gungahlin Pl","0","3","1004","1","1"
"ACTO001","FR","460","Alinga St","1","3","1003","1","1"
"ACTO001","FR","333","Gungahlin Pl","0","3","1004","1","1"
"ACTO001","FR","466","Alinga St","1","3","1003","1","1"
"ACTO001","FR","339","Gungahlin Pl","0","3","1004","1","1"
"ACTO001","FR","472","Alinga St","1","3","1003","1","1"
"ACTO001","FR","345","Gungahlin Pl","0","3","1004","1","1"
"ACTO001","FR","482","Alinga St","1","3","1003","1","1"
"ACTO001","FR","357","Gungahlin Pl","0","3","1004","1","1"
"ACTO001","FR","492","Alinga St","1","3","1003","1","1"
"ACTO001","FR","367","Gungahlin Pl","0","3","1004","1","1"
"X1","FR","503","Well Station","1","3","1008","1","1"
"NIS","FR","504","Well Station","1","3","1009","1","1"
"NIS","FR","347","Well Station","0","9P","1001","1","1"
"X1","FR","348","Gungahlin Pl","0","9P","1002","1","1"
"ACTO001","FR","484","Alinga St","1","9P","1003","1","1"
"ACTO001","FR","359","Gungahlin Pl","0","9P","1004","1","1"
"ACTO001","FR","494","Alinga St","1","9P","1003","1","1"
"ACTO001","FR","369","Gungahlin Pl","0","9P","1004","1","1"
"X1","FR","506","Well Station","1","9P","1008","1","1"
"NIS","FR","507","Well Station","1","9P","1009","1","1"
"NIS","FR","350","Well Station","0","10P","1001","1","1"
"X1","FR","351","Gungahlin Pl","0","10P","1002","1","1"
"ACTO001","FR","486","Alinga St","1","10P","1003","1","1"
"ACTO001","FR","361","Gungahlin Pl","0","10P","1004","1","1"
"ACTO001","FR","496","Alinga St","1","10P","1003","1","1"
"ACTO001","FR","371","Gungahlin Pl","0","10P","1004","1","1"
"X1","FR","509","Well Station","1","10P","1008","1","1"
"NIS","FR","510","Well Station","1","10P","1009","1","1"
"NIS","FR","477","EPIC","1","7P","1010","1","1"
"X2","FR","478","Alinga St","1","7P","1011","1","1"
"ACTO001","FR","354","Gungahlin Pl","0","7P","1004","1","1"
"ACTO001","FR","489","Alinga St","1","7P","1003","1","1"
"ACTO001","FR","364","Gungahlin Pl","0","7P","1004","1","1"
"ACTO001","FR","501","Alinga St","1","7P","1003","1","1"
"ACTO001","FR","374","Gungahlin Pl","0","7P","1004","1","1"
"ACTO001","FR","514","Alinga St","1","7P","1003","1","1"
"ACTO001","FR","380","Gungahlin Pl","0","7P","1004","1","1"
"ACTO001","FR","518","Alinga St","1","7P","1003","1","1"
"ACTO001","FR","384","Gungahlin Pl","0","7P","1004","1","1"
"ACTO001","FR","522","Alinga St","1","7P","1003","1","1"
"ACTO001","FR","388","Gungahlin Pl","0","7P","1004","1","1"
"ACTO001","FR","526","Alinga St","1","7P","1003","1","1"
"ACTO001","FR","392","Gungahlin Pl","0","7P","1004","1","1"
"ACTO001","FR","530","Alinga St","1","7P","1003","1","1"
"ACTO001","FR","396","Gungahlin Pl","0","7P","1004","1","1"
"ACTO001","FR","534","Alinga St","1","7P","1003","1","1"
"ACTO001","FR","400","Gungahlin Pl","0","7P","1004","1","1"
"X1","FR","538","Well Station","1","7P","1008","1","1"
"NIS","FR","539","Well Station","1","7P","1009","1","1"
"NIS","FR","480","EPIC","1","8P","1010","1","1"
"X2","FR","481","Alinga St","1","8P","1011","1","1"
"ACTO001","FR","356","Gungahlin Pl","0","8P","1004","1","1"
"ACTO001","FR","491","Alinga St","1","8P","1003","1","1"
"ACTO001","FR","366","Gungahlin Pl","0","8P","1004","1","1"
"ACTO001","FR","502","Alinga St","1","8P","1003","1","1"
"X2","FR","375","EPIC","0","8P","1012","1","1"
"NIS","FR","376","EPIC","0","8P","1013","1","1"
"NIS","SA","546","Gungahlin Pl","0","3","1007","1","1"
"ACTO001","SA","629","Alinga St","1","3","1003","1","1"
"ACTO001","SA","551","Gungahlin Pl","0","3","1004","1","1"
"ACTO001","SA","633","Alinga St","1","3","1003","1","1"
"ACTO001","SA","555","Gungahlin Pl","0","3","1004","1","1"
"ACTO001","SA","637","Alinga St","1","3","1003","1","1"
"ACTO001","SA","559","Gungahlin Pl","0","3","1004","1","1"
"ACTO001","SA","641","Alinga St","1","3","1003","1","1"
"ACTO001","SA","563","Gungahlin Pl","0","3","1004","1","1"
"ACTO001","SA","645","Alinga St","1","3","1003","1","1"
"ACTO001","SA","567","Gungahlin Pl","0","3","1004","1","1"
"ACTO001","SA","649","Alinga St","1","3","1003","1","1"
"ACTO001","SA","571","Gungahlin Pl","0","3","1004","1","1"
"ACTO001","SA","653","Alinga St","1","3","1003","1","1"
"ACTO001","SA","575","Gungahlin Pl","0","3","1004","1","1"
"ACTO001","SA","657","Alinga St","1","3","1003","1","1"
"ACTO001","SA","579","Gungahlin Pl","0","3","1004","1","1"
"ACTO001","SA","661","Alinga St","1","3","1003","1","1"
"ACTO001","SA","583","Gungahlin Pl","0","3","1004","1","1"
"ACTO001","SA","665","Alinga St","1","3","1003","1","1"
"ACTO001","SA","587","Gungahlin Pl","0","3","1004","1","1"
"ACTO001","SA","669","Alinga St","1","3","1003","1","1"
"ACTO001","SA","591","Gungahlin Pl","0","3","1004","1","1"
"ACTO001","SA","673","Alinga St","1","3","1003","1","1"
"ACTO001","SA","595","Gungahlin Pl","0","3","1004","1","1"
"ACTO001","SA","677","Alinga St","1","3","1003","1","1"
"ACTO001","SA","599","Gungahlin Pl","0","3","1004","1","1"
"ACTO001","SA","681","Alinga St","1","3","1003","1","1"
"ACTO001","SA","603","Gungahlin Pl","0","3","1004","1","1"
"ACTO001","SA","685","Alinga St","1","3","1003","1","1"
"ACTO001","SA","607","Gungahlin Pl","0","3","1004","1","1"
"ACTO001","SA","689","Alinga St","1","3","1003","1","1"
"ACTO001","SA","611","Gungahlin Pl","0","3","1004","1","1"
"ACTO001","SA","693","Alinga St","1","3","1003","1","1"
"ACTO001","SA","615","Gungahlin Pl","0","3","1004","1","1"
"ACTO001","SA","697","Alinga St","1","3","1003","1","1"
"ACTO001","SA","619","Gungahlin Pl","0","3","1004","1","1"
"ACTO001","SA","701","Alinga St","1","3","1003","1","1"
"ACTO001","SA","623","Gungahlin Pl","0","3","1004","1","1"
"X1","SA","706","Well Station","1","3","1008","1","1"
"NIS","SA","707","Well Station","1","3","1009","1","1"
"NIS","SA","547","Well Station","0","4","1001","1","1"
"X1","SA","548","Gungahlin Pl","0","4","1002","1","1"
"ACTO001","SA","630","Alinga St","1","4","1003","1","1"
"ACTO001","SA","552","Gungahlin Pl","0","4","1004","1","1"
"ACTO001","SA","634","Alinga St","1","4","1003","1","1"
"ACTO001","SA","556","Gungahlin Pl","0","4","1004","1","1"
"ACTO001","SA","638","Alinga St","1","4","1003","1","1"
"ACTO001","SA","560","Gungahlin Pl","0","4","1004","1","1"
"ACTO001","SA","642","Alinga St","1","4","1003","1","1"
"ACTO001","SA","564","Gungahlin Pl","0","4","1004","1","1"
"ACTO001","SA","646","Alinga St","1","4","1003","1","1"
"ACTO001","SA","568","Gungahlin Pl","0","4","1004","1","1"
"ACTO001","SA","650","Alinga St","1","4","1003","1","1"
"ACTO001","SA","572","Gungahlin Pl","0","4","1004","1","1"
"ACTO001","SA","654","Alinga St","1","4","1003","1","1"
"ACTO001","SA","576","Gungahlin Pl","0","4","1004","1","1"
"ACTO001","SA","658","Alinga St","1","4","1003","1","1"
"ACTO001","SA","580","Gungahlin Pl","0","4","1004","1","1"
"ACTO001","SA","662","Alinga St","1","4","1003","1","1"
"ACTO001","SA","584","Gungahlin Pl","0","4","1004","1","1"
"ACTO001","SA","666","Alinga St","1","4","1003","1","1"
"ACTO001","SA","588","Gungahlin Pl","0","4","1004","1","1"
"ACTO001","SA","670","Alinga St","1","4","1003","1","1"
"ACTO001","SA","592","Gungahlin Pl","0","4","1004","1","1"
"ACTO001","SA","674","Alinga St","1","4","1003","1","1"
"ACTO001","SA","596","Gungahlin Pl","0","4","1004","1","1"
"ACTO001","SA","678","Alinga St","1","4","1003","1","1"
"ACTO001","SA","600","Gungahlin Pl","0","4","1004","1","1"
"ACTO001","SA","682","Alinga St","1","4","1003","1","1"
"ACTO001","SA","604","Gungahlin Pl","0","4","1004","1","1"
"ACTO001","SA","686","Alinga St","1","4","1003","1","1"
"ACTO001","SA","608","Gungahlin Pl","0","4","1004","1","1"
"ACTO001","SA","690","Alinga St","1","4","1003","1","1"
"ACTO001","SA","612","Gungahlin Pl","0","4","1004","1","1"
"ACTO001","SA","694","Alinga St","1","4","1003","1","1"
"ACTO001","SA","616","Gungahlin Pl","0","4","1004","1","1"
"ACTO001","SA","698","Alinga St","1","4","1003","1","1"
"ACTO001","SA","620","Gungahlin Pl","0","4","1004","1","1"
"ACTO001","SA","702","Alinga St","1","4","1003","1","1"
"ACTO001","SA","624","Gungahlin Pl","0","4","1004","1","1"
"X1","SA","708","Well Station","1","4","1008","1","1"
"NIS","SA","709","Well Station","1","4","1009","1","1"
"NIS","SA","626","Alinga St","1","1","1006","1","1"
"ACTO001","SA","549","Gungahlin Pl","0","1","1004","1","1"
"ACTO001","SA","631","Alinga St","1","1","1003","1","1"
"ACTO001","SA","553","Gungahlin Pl","0","1","1004","1","1"
"ACTO001","SA","635","Alinga St","1","1","1003","1","1"
"ACTO001","SA","557","Gungahlin Pl","0","1","1004","1","1"
"ACTO001","SA","639","Alinga St","1","1","1003","1","1"
"ACTO001","SA","561","Gungahlin Pl","0","1","1004","1","1"
"ACTO001","SA","643","Alinga St","1","1","1003","1","1"
"ACTO001","SA","565","Gungahlin Pl","0","1","1004","1","1"
"ACTO001","SA","647","Alinga St","1","1","1003","1","1"
"ACTO001","SA","569","Gungahlin Pl","0","1","1004","1","1"
"ACTO001","SA","651","Alinga St","1","1","1003","1","1"
"ACTO001","SA","573","Gungahlin Pl","0","1","1004","1","1"
"ACTO001","SA","655","Alinga St","1","1","1003","1","1"
"ACTO001","SA","577","Gungahlin Pl","0","1","1004","1","1"
"ACTO001","SA","659","Alinga St","1","1","1003","1","1"
"ACTO001","SA","581","Gungahlin Pl","0","1","1004","1","1"
"ACTO001","SA","663","Alinga St","1","1","1003","1","1"
"ACTO001","SA","585","Gungahlin Pl","0","1","1004","1","1"
"ACTO001","SA","667","Alinga St","1","1","1003","1","1"
"ACTO001","SA","589","Gungahlin Pl","0","1","1004","1","1"
"ACTO001","SA","671","Alinga St","1","1","1003","1","1"
"ACTO001","SA","593","Gungahlin Pl","0","1","1004","1","1"
"ACTO001","SA","675","Alinga St","1","1","1003","1","1"
"ACTO001","SA","597","Gungahlin Pl","0","1","1004","1","1"
"ACTO001","SA","679","Alinga St","1","1","1003","1","1"
"ACTO001","SA","601","Gungahlin Pl","0","1","1004","1","1"
"ACTO001","SA","683","Alinga St","1","1","1003","1","1"
"ACTO001","SA","605","Gungahlin Pl","0","1","1004","1","1"
"ACTO001","SA","687","Alinga St","1","1","1003","1","1"
"ACTO001","SA","609","Gungahlin Pl","0","1","1004","1","1"
"ACTO001","SA","691","Alinga St","1","1","1003","1","1"
"ACTO001","SA","613","Gungahlin Pl","0","1","1004","1","1"
"ACTO001","SA","695","Alinga St","1","1","1003","1","1"
"ACTO001","SA","617","Gungahlin Pl","0","1","1004","1","1"
"ACTO001","SA","699","Alinga St","1","1","1003","1","1"
"ACTO001","SA","621","Gungahlin Pl","0","1","1004","1","1"
"ACTO001","SA","703","Alinga St","1","1","1003","1","1"
"ACTO001","SA","625","Gungahlin Pl","0","1","1004","1","1"
"X1","SA","710","Well Station","1","1","1008","1","1"
"NIS","SA","711","Well Station","1","1","1009","1","1"
"NIS","SA","627","EPIC","1","2","1010","1","1"
"X2","SA","628","Alinga St","1","2","1011","1","1"
"ACTO001","SA","550","Gungahlin Pl","0","2","1004","1","1"
"ACTO001","SA","632","Alinga St","1","2","1003","1","1"
"ACTO001","SA","554","Gungahlin Pl","0","2","1004","1","1"
"ACTO001","SA","636","Alinga St","1","2","1003","1","1"
"ACTO001","SA","558","Gungahlin Pl","0","2","1004","1","1"
"ACTO001","SA","640","Alinga St","1","2","1003","1","1"
"ACTO001","SA","562","Gungahlin Pl","0","2","1004","1","1"
"ACTO001","SA","644","Alinga St","1","2","1003","1","1"
"ACTO001","SA","566","Gungahlin Pl","0","2","1004","1","1"
"ACTO001","SA","648","Alinga St","1","2","1003","1","1"
"ACTO001","SA","570","Gungahlin Pl","0","2","1004","1","1"
"ACTO001","SA","652","Alinga St","1","2","1003","1","1"
"ACTO001","SA","574","Gungahlin Pl","0","2","1004","1","1"
"ACTO001","SA","656","Alinga St","1","2","1003","1","1"
"ACTO001","SA","578","Gungahlin Pl","0","2","1004","1","1"
"ACTO001","SA","660","Alinga St","1","2","1003","1","1"
"ACTO001","SA","582","Gungahlin Pl","0","2","1004","1","1"
"ACTO001","SA","664","Alinga St","1","2","1003","1","1"
"ACTO001","SA","586","Gungahlin Pl","0","2","1004","1","1"
"ACTO001","SA","668","Alinga St","1","2","1003","1","1"
"ACTO001","SA","590","Gungahlin Pl","0","2","1004","1","1"
"ACTO001","SA","672","Alinga St","1","2","1003","1","1"
"ACTO001","SA","594","Gungahlin Pl","0","2","1004","1","1"
"ACTO001","SA","676","Alinga St","1","2","1003","1","1"
"ACTO001","SA","598","Gungahlin Pl","0","2","1004","1","1"
"ACTO001","SA","680","Alinga St","1","2","1003","1","1"
"ACTO001","SA","602","Gungahlin Pl","0","2","1004","1","1"
"ACTO001","SA","684","Alinga St","1","2","1003","1","1"
"ACTO001","SA","606","Gungahlin Pl","0","2","1004","1","1"
"ACTO001","SA","688","Alinga St","1","2","1003","1","1"
"ACTO001","SA","610","Gungahlin Pl","0","2","1004","1","1"
"ACTO001","SA","692","Alinga St","1","2","1003","1","1"
"ACTO001","SA","614","Gungahlin Pl","0","2","1004","1","1"
"ACTO001","SA","696","Alinga St","1","2","1003","1","1"
"ACTO001","SA","618","Gungahlin Pl","0","2","1004","1","1"
"ACTO001","SA","700","Alinga St","1","2","1003","1","1"
"ACTO001","SA","622","Gungahlin Pl","0","2","1004","1","1"
"X1","SA","704","Well Station","1","2","1008","1","1"
"NIS","SA","705","Well Station","1","2","1009","1","1"
